Timestamp(UTC),Timestamp(UTS),Timestamp(Local),Darley Avenue (44)-Temp(C)-slotB,Darley Avenue (44)-Humidity(%RH)-slotB,Darley Avenue (44)-NO2(ug/m3)-slotB,Darley Avenue (44)-O3(ug/m3)-slotB,Darley Avenue (44)-NO(ug/m3)-slotB,Darley Avenue (44)-PM1(ug/m3)-slotB,Darley Avenue (44)-PM2.5(ug/m3)-slotB,Darley Avenue (44)-PM10(ug/m3)-slotB,Darley Avenue (44)-Ambient temp(C)-slotB,Darley Avenue (44)-Ambient humidity(%RH)-slotB,Darley Avenue (44)-Ambient pressure(hPa)-slotB
"2021-01-29T00:00:46+00:00",1611878446,"2021-01-29T00:00:46+0000",19,46,9.42,0,11.09,0.71,5.26,5.26,19,50,988.8
"2021-01-29T00:01:46+00:00",1611878506,"2021-01-29T00:01:46+0000",19,46,9.86,0,23.31,0.71,5.26,5.26,19,50,988.7
"2021-01-29T00:02:46+00:00",1611878566,"2021-01-29T00:02:46+0000",19,46,9.86,0,14.39,0,5.26,5.26,19,50,988.7
"2021-01-29T00:03:46+00:00",1611878626,"2021-01-29T00:03:46+0000",19,46,9.88,0,25.25,0.71,5.27,5.27,19,50,988.7
"2021-01-29T00:04:46+00:00",1611878686,"2021-01-29T00:04:46+0000",19,46,9.42,0,18.08,0.71,5.26,5.26,19,50,988.7
"2021-01-29T00:05:46+00:00",1611878746,"2021-01-29T00:05:46+0000",19,46,9.64,0,19.82,0,5.26,5.26,19,50,988.7
"2021-01-29T00:06:46+00:00",1611878806,"2021-01-29T00:06:46+0000",19,46,9.64,0,6.82,0.71,5.26,5.26,19,50,988.7
"2021-01-29T00:07:46+00:00",1611878866,"2021-01-29T00:07:46+0000",19,46,9.86,0,15.75,0,5.26,5.26,19,50,988.7
"2021-01-29T00:08:46+00:00",1611878926,"2021-01-29T00:08:46+0000",19,46,9.86,0,15.94,0,4.72,4.72,19,50,988.7
"2021-01-29T00:09:46+00:00",1611878986,"2021-01-29T00:09:46+0000",19,46,9.64,0,12.06,0.71,5.26,5.26,19,50,988.7
"2021-01-29T00:10:46+00:00",1611879046,"2021-01-29T00:10:46+0000",19,46,9.64,0,17.88,0.71,5.26,5.26,19,50,988.7
"2021-01-29T00:11:46+00:00",1611879106,"2021-01-29T00:11:46+0000",19,46,9.86,0,16.72,0,4.72,4.72,19,50,988.7
"2021-01-29T00:12:46+00:00",1611879166,"2021-01-29T00:12:46+0000",19,46,9.86,0,17.11,0.71,5.26,5.26,19,50,988.7
"2021-01-29T00:13:46+00:00",1611879226,"2021-01-29T00:13:46+0000",19,46,9.86,0,15.36,0,5.26,5.26,19,50,988.7
"2021-01-29T00:14:46+00:00",1611879286,"2021-01-29T00:14:46+0000",19,46,9.42,0,18.85,0,4.72,4.72,19,50,988.7
"2021-01-29T00:15:46+00:00",1611879346,"2021-01-29T00:15:46+0000",19,46,9.41,0,12.64,0,4.71,4.71,19,50,988.7
"2021-01-29T00:16:46+00:00",1611879406,"2021-01-29T00:16:46+0000",19,46,10.08,0,20.02,0,4.71,4.71,19,50,988.7
"2021-01-29T00:17:46+00:00",1611879466,"2021-01-29T00:17:46+0000",19,46,9.64,0,22.34,0,4.72,4.72,19,50,988.7
"2021-01-29T00:18:46+00:00",1611879526,"2021-01-29T00:18:46+0000",19,46,9.64,0,16.52,0,5.26,5.26,19,50,988.7
"2021-01-29T00:19:46+00:00",1611879586,"2021-01-29T00:19:46+0000",19,46,9.41,0,10.9,0,5.24,5.24,19,50,988.7
"2021-01-29T00:20:46+00:00",1611879646,"2021-01-29T00:20:46+0000",19,46,9.63,0,14.97,0,5.24,5.24,19,50,988.7
"2021-01-29T00:21:46+00:00",1611879706,"2021-01-29T00:21:46+0000",19,46,9.85,0,17.49,0.71,5.24,5.24,19,50,988.7
"2021-01-29T00:22:46+00:00",1611879766,"2021-01-29T00:22:46+0000",19,46,9.86,0,19.24,0.71,5.26,5.26,19,50,988.7
"2021-01-29T00:23:46+00:00",1611879826,"2021-01-29T00:23:46+0000",19,46,9.64,0,28.94,0,4.72,4.72,19,50,988.7
"2021-01-29T00:24:46+00:00",1611879886,"2021-01-29T00:24:46+0000",19,46,9.64,0,21.96,0,5.26,5.26,19,50,988.7
"2021-01-29T00:25:46+00:00",1611879946,"2021-01-29T00:25:46+0000",19,46,9.63,0,22.54,0,5.24,5.24,19,50,988.8
"2021-01-29T00:26:46+00:00",1611880006,"2021-01-29T00:26:46+0000",19,46,9.42,0,8.18,0,4.72,4.72,19,50,988.8
"2021-01-29T00:27:46+00:00",1611880066,"2021-01-29T00:27:46+0000",19,46,9.63,0,19.05,0.71,5.24,5.24,19,50,988.8
"2021-01-29T00:28:46+00:00",1611880126,"2021-01-29T00:28:46+0000",19,46,9.63,0,18.27,0,5.24,5.24,19,50,988.8
"2021-01-29T00:29:46+00:00",1611880186,"2021-01-29T00:29:46+0000",19,46,9.7,0,11.59,0,5.24,5.24,19,50,988.7
"2021-01-29T00:30:46+00:00",1611880246,"2021-01-29T00:30:46+0000",19,46,9.63,0,19.63,0.71,5.24,5.24,19,50,988.7
"2021-01-29T00:31:46+00:00",1611880306,"2021-01-29T00:31:46+0000",19,46,9.41,0,23.51,0,4.71,4.71,19,50,988.7
"2021-01-29T00:32:46+00:00",1611880366,"2021-01-29T00:32:46+0000",19,46,9.7,0,19.53,0,5.24,5.24,19,50,988.7
"2021-01-29T00:34:02+00:00",1611880442,"2021-01-29T00:34:02+0000",19,46,9.85,0,0,0,5.24,5.24,19,50,988.7
"2021-01-29T00:34:46+00:00",1611880486,"2021-01-29T00:34:46+0000",19,46,9.47,0,11.59,0,4.71,4.71,19,50,988.7
"2021-01-29T00:35:46+00:00",1611880546,"2021-01-29T00:35:46+0000",19,46,9.85,0,16.52,0,4.71,4.71,19,50,988.7
"2021-01-29T00:36:46+00:00",1611880606,"2021-01-29T00:36:46+0000",19,46,9.7,0,18.75,0,5.24,5.24,19,50,988.7
"2021-01-29T00:37:46+00:00",1611880666,"2021-01-29T00:37:46+0000",19,46,9.7,0,15.46,0,4.71,4.71,19,50,988.7
"2021-01-29T00:38:46+00:00",1611880726,"2021-01-29T00:38:46+0000",19,46,9.7,0,12.56,0,4.71,4.71,19,50,988.7
"2021-01-29T00:39:46+00:00",1611880786,"2021-01-29T00:39:46+0000",19,46,9.47,0,17.79,0,5.24,5.24,19,50,988.7
"2021-01-29T00:40:46+00:00",1611880846,"2021-01-29T00:40:46+0000",19,46,9.25,0,30.56,0,4.71,4.71,19,50,988.7
"2021-01-29T00:41:46+00:00",1611880906,"2021-01-29T00:41:46+0000",19,46,9.03,0,12.17,0,4.71,4.71,19,50,988.7
"2021-01-29T00:42:46+00:00",1611880966,"2021-01-29T00:42:46+0000",19,46,9.7,0,18.56,0,4.71,4.71,19,50,988.8
"2021-01-29T00:43:46+00:00",1611881026,"2021-01-29T00:43:46+0000",19,46,9.47,0,11.21,0,4.71,4.71,19,50,988.8
"2021-01-29T00:44:46+00:00",1611881086,"2021-01-29T00:44:46+0000",19,46,9.47,0,11.98,0.71,5.24,5.24,19,50,988.8
"2021-01-29T00:45:46+00:00",1611881146,"2021-01-29T00:45:46+0000",19,46,9.25,0,11.21,0,5.24,5.24,19,50,988.8
"2021-01-29T00:46:46+00:00",1611881206,"2021-01-29T00:46:46+0000",19,46,9.92,0,31.33,0,4.71,4.71,19,50,988.8
"2021-01-29T00:47:46+00:00",1611881266,"2021-01-29T00:47:46+0000",19,46,9.7,0,23.59,0,4.71,4.71,19,50,988.8
"2021-01-29T00:48:46+00:00",1611881326,"2021-01-29T00:48:46+0000",19,46,9.7,0,7.53,0,4.71,4.71,19,50,988.8
"2021-01-29T00:49:46+00:00",1611881386,"2021-01-29T00:49:46+0000",19,46,9.7,0,11.4,0,5.24,5.24,19,50,988.7
"2021-01-29T00:50:46+00:00",1611881446,"2021-01-29T00:50:46+0000",19,46,9.7,0,26.69,0,4.71,4.71,19,50,988.7
"2021-01-29T00:51:46+00:00",1611881506,"2021-01-29T00:51:46+0000",19,46,9.7,0,17.2,0.71,5.24,5.24,19,50,988.7
"2021-01-29T00:52:46+00:00",1611881566,"2021-01-29T00:52:46+0000",19,46,9.7,0,18.17,0,4.71,4.71,19,50,988.7
"2021-01-29T00:53:46+00:00",1611881626,"2021-01-29T00:53:46+0000",19,46,9.7,0,20.11,0.71,5.24,5.24,19,50,988.7
"2021-01-29T00:54:46+00:00",1611881686,"2021-01-29T00:54:46+0000",19,46,9.47,0,13.33,0.71,5.24,5.24,19,50,988.7
"2021-01-29T00:55:46+00:00",1611881746,"2021-01-29T00:55:46+0000",19,46,9.25,0,23.59,0,4.71,4.71,19,50,988.6
"2021-01-29T00:56:46+00:00",1611881806,"2021-01-29T00:56:46+0000",19,46,9.7,0,20.69,0,5.24,5.24,19,50,988.6
"2021-01-29T00:57:46+00:00",1611881866,"2021-01-29T00:57:46+0000",19,46,9.47,0,9.85,0,5.24,5.24,19,50,988.6
"2021-01-29T00:58:46+00:00",1611881926,"2021-01-29T00:58:46+0000",19,46,9.7,0,11.4,0,5.24,5.24,19,50,988.6
"2021-01-29T00:59:46+00:00",1611881986,"2021-01-29T00:59:46+0000",19,46,9.7,0,23.78,0,4.71,4.71,19,50,988.6
"2021-01-29T01:00:46+00:00",1611882046,"2021-01-29T01:00:46+0000",19,46,9.91,0,21.46,0,5.23,5.23,19,50,988.5
"2021-01-29T01:01:46+00:00",1611882106,"2021-01-29T01:01:46+0000",19,46,9.47,0,17.98,0,5.24,5.24,19,50,988.5
"2021-01-29T01:02:46+00:00",1611882166,"2021-01-29T01:02:46+0000",19,46,9.7,0,17.4,0,4.71,4.71,19,50,988.6
"2021-01-29T01:03:46+00:00",1611882226,"2021-01-29T01:03:46+0000",19,46,9.46,0,20.11,0,5.23,5.23,19,50,988.6
"2021-01-29T01:04:46+00:00",1611882286,"2021-01-29T01:04:46+0000",19,46,9.46,0,11.98,0,4.69,4.69,19,50,988.5
"2021-01-29T01:05:46+00:00",1611882346,"2021-01-29T01:05:46+0000",19,46,9.69,0,29.59,0.71,5.23,5.23,19,50,988.5
"2021-01-29T01:06:46+00:00",1611882406,"2021-01-29T01:06:46+0000",19,46,9.46,0,20.3,0,4.69,4.69,19,50,988.5
"2021-01-29T01:07:46+00:00",1611882466,"2021-01-29T01:07:46+0000",19,46,9.46,0,19.72,0,4.69,4.69,19,50,988.6
"2021-01-29T01:08:46+00:00",1611882526,"2021-01-29T01:08:46+0000",19,46,9.46,0,18.75,0,4.69,4.69,19,50,988.5
"2021-01-29T01:09:46+00:00",1611882586,"2021-01-29T01:09:46+0000",19,46,9.7,0,17.98,0,5.24,5.24,19,50,988.5
"2021-01-29T01:10:46+00:00",1611882646,"2021-01-29T01:10:46+0000",19,46,9.69,0,17.4,0,4.69,4.69,19,50,988.5
"2021-01-29T01:11:46+00:00",1611882706,"2021-01-29T01:11:46+0000",19,46,9.24,0,14.69,0,4.69,4.69,19,50,988.5
"2021-01-29T01:12:46+00:00",1611882766,"2021-01-29T01:12:46+0000",19,46,9.46,0,11.4,0.71,5.23,5.23,19,50,988.5
"2021-01-29T01:13:46+00:00",1611882826,"2021-01-29T01:13:46+0000",19,46,9.46,0,19.53,0.71,5.23,5.23,19,50,988.5
"2021-01-29T01:14:46+00:00",1611882886,"2021-01-29T01:14:46+0000",19,46,9.69,0,13.92,0,4.69,4.69,19,50,988.5
"2021-01-29T01:15:46+00:00",1611882946,"2021-01-29T01:15:46+0000",19,46,9.91,0,8.69,0,5.23,5.23,19,50,988.5
"2021-01-29T01:16:46+00:00",1611883006,"2021-01-29T01:16:46+0000",19,46,9.46,0,17.98,0,4.69,4.69,19,50,988.5
"2021-01-29T01:17:46+00:00",1611883066,"2021-01-29T01:17:46+0000",19,46,9.53,0,11.13,0,4.69,4.69,19,50,988.6
"2021-01-29T01:18:46+00:00",1611883126,"2021-01-29T01:18:46+0000",19,46,9.09,0,15.95,0,4.69,4.69,19,50,988.5
"2021-01-29T01:19:46+00:00",1611883186,"2021-01-29T01:19:46+0000",19,46,9.69,0,20.69,0.71,5.23,5.23,19,50,988.5
"2021-01-29T01:20:46+00:00",1611883246,"2021-01-29T01:20:46+0000",19,46,9.97,0,19.04,0.71,5.23,5.23,19,50,988.5
"2021-01-29T01:21:46+00:00",1611883306,"2021-01-29T01:21:46+0000",19,46,9.75,0,20.97,0,4.69,4.69,19,50,988.5
"2021-01-29T01:22:46+00:00",1611883366,"2021-01-29T01:22:46+0000",19,46,9.09,0,12.09,0,5.23,5.23,19,50,988.5
"2021-01-29T01:23:46+00:00",1611883426,"2021-01-29T01:23:46+0000",19,46,9.75,0,28.69,0,5.23,5.23,19,50,988.6
"2021-01-29T01:24:46+00:00",1611883486,"2021-01-29T01:24:46+0000",19,46,9.53,0,26.57,0,5.23,5.23,19,50,988.6
"2021-01-29T01:25:46+00:00",1611883546,"2021-01-29T01:25:46+0000",19,46,9.53,0,0,0,4.69,4.69,19,50,988.6
"2021-01-29T01:26:46+00:00",1611883606,"2021-01-29T01:26:46+0000",19,47,9.3,0,12.09,0,4.68,4.68,19,50,988.6
"2021-01-29T01:27:46+00:00",1611883666,"2021-01-29T01:27:46+0000",19,46,9.31,0,23.09,0,4.69,4.69,19,50,988.6
"2021-01-29T01:28:46+00:00",1611883726,"2021-01-29T01:28:46+0000",19,46,9.53,0,15.18,0,4.69,4.69,19,50,988.6
"2021-01-29T01:29:46+00:00",1611883786,"2021-01-29T01:29:46+0000",19,46,9.31,0,2.44,0,4.69,4.69,19,50,988.6
"2021-01-29T01:30:46+00:00",1611883846,"2021-01-29T01:30:46+0000",19,46,9.53,0,13.44,0.71,5.23,5.23,19,50,988.6
"2021-01-29T01:31:46+00:00",1611883906,"2021-01-29T01:31:46+0000",19,46,9.53,0,12.48,0,5.23,5.23,19,50,988.6
"2021-01-29T01:32:46+00:00",1611883966,"2021-01-29T01:32:46+0000",19,46,9.75,0,17.88,0,5.23,5.23,19,50,988.6
"2021-01-29T01:34:01+00:00",1611884041,"2021-01-29T01:34:01+0000",19,47,8.85,0,190.04,0,5.22,5.22,19,50,988.6
"2021-01-29T01:34:46+00:00",1611884086,"2021-01-29T01:34:46+0000",19,47,9.52,0,11.13,0,5.22,5.22,19,50,988.6
"2021-01-29T01:35:46+00:00",1611884146,"2021-01-29T01:35:46+0000",19,47,9.3,0,11.9,0,4.68,4.68,19,50,988.6
"2021-01-29T01:36:46+00:00",1611884206,"2021-01-29T01:36:46+0000",19,46,9.53,0,21.36,0,5.23,5.23,19,50,988.6
"2021-01-29T01:37:46+00:00",1611884266,"2021-01-29T01:37:46+0000",19,47,9.52,0,15.18,0,4.68,4.68,19,50,988.7
"2021-01-29T01:38:46+00:00",1611884326,"2021-01-29T01:38:46+0000",19,47,9.74,0,19.81,0,5.22,5.22,19,50,988.7
"2021-01-29T01:39:46+00:00",1611884386,"2021-01-29T01:39:46+0000",19,47,8.85,0,27.15,0,5.22,5.22,19,50,988.7
"2021-01-29T01:40:46+00:00",1611884446,"2021-01-29T01:40:46+0000",19,47,9.74,0,12.09,0.71,5.22,5.22,19,50,988.7
"2021-01-29T01:41:46+00:00",1611884506,"2021-01-29T01:41:46+0000",19,47,9.52,0,24.44,0,5.22,5.22,19,50,988.7
"2021-01-29T01:42:46+00:00",1611884566,"2021-01-29T01:42:46+0000",19,47,9.3,0,19.43,0,4.68,4.68,19,50,988.7
"2021-01-29T01:43:46+00:00",1611884626,"2021-01-29T01:43:46+0000",19,47,9.52,0,25.99,0,4.68,4.68,19,50,988.7
"2021-01-29T01:44:46+00:00",1611884686,"2021-01-29T01:44:46+0000",19,47,9.74,0,20.39,0,4.68,4.68,19,50,988.7
"2021-01-29T01:45:46+00:00",1611884746,"2021-01-29T01:45:46+0000",19,47,9.52,0,11.71,0,4.68,4.68,19,50,988.7
"2021-01-29T01:46:46+00:00",1611884806,"2021-01-29T01:46:46+0000",19,47,9.52,0,13.25,0,5.22,5.22,19,50,988.7
"2021-01-29T01:47:46+00:00",1611884866,"2021-01-29T01:47:46+0000",19,47,9.52,0,18.65,0,4.68,4.68,19,50,988.7
"2021-01-29T01:48:46+00:00",1611884926,"2021-01-29T01:48:46+0000",19,47,9.3,0,15.76,0,4.68,4.68,19,50,988.8
"2021-01-29T01:49:46+00:00",1611884986,"2021-01-29T01:49:46+0000",19,46,9.75,0,15.57,0,5.23,5.23,19,50,988.8
"2021-01-29T01:50:46+00:00",1611885046,"2021-01-29T01:50:46+0000",19,47,9.74,0,28.3,0,4.68,4.68,19,50,988.8
"2021-01-29T01:51:46+00:00",1611885106,"2021-01-29T01:51:46+0000",19,47,9.74,0,28.69,0,5.22,5.22,19,50,988.8
"2021-01-29T01:52:46+00:00",1611885166,"2021-01-29T01:52:46+0000",19,47,9.52,0,29.46,0,5.22,5.22,19,50,988.8
"2021-01-29T01:53:46+00:00",1611885226,"2021-01-29T01:53:46+0000",19,47,9.74,0,21.74,0,4.68,4.68,19,50,988.8
"2021-01-29T01:54:46+00:00",1611885286,"2021-01-29T01:54:46+0000",19,47,9.52,0,12.48,0,5.22,5.22,19,50,988.8
"2021-01-29T01:55:46+00:00",1611885346,"2021-01-29T01:55:46+0000",19,47,9.74,0,23.67,0,4.68,4.68,19,50,988.9
"2021-01-29T01:56:46+00:00",1611885406,"2021-01-29T01:56:46+0000",19,47,9.07,0,26.18,0,5.22,5.22,19,50,988.9
"2021-01-29T01:57:46+00:00",1611885466,"2021-01-29T01:57:46+0000",19,47,9.52,0,18.65,0,4.68,4.68,19,50,988.9
"2021-01-29T01:58:46+00:00",1611885526,"2021-01-29T01:58:46+0000",19,47,9.74,0,19.81,0,4.68,4.68,19,50,988.8
"2021-01-29T01:59:46+00:00",1611885586,"2021-01-29T01:59:46+0000",19,47,9.74,0,17.5,0,4.68,4.68,19,50,988.8
"2021-01-29T02:00:46+00:00",1611885646,"2021-01-29T02:00:46+0000",19,47,9.58,0,26.45,0,4.68,4.68,19,50,988.8
"2021-01-29T02:01:46+00:00",1611885706,"2021-01-29T02:01:46+0000",19,47,9.58,0,15.09,0,4.68,4.68,19,50,988.9
"2021-01-29T02:02:46+00:00",1611885766,"2021-01-29T02:02:46+0000",19,47,9.52,0,26.76,0,5.22,5.22,19,50,988.9
"2021-01-29T02:03:46+00:00",1611885826,"2021-01-29T02:03:46+0000",19,47,9.3,0,19.23,0,4.68,4.68,19,50,988.9
"2021-01-29T02:04:46+00:00",1611885886,"2021-01-29T02:04:46+0000",19,47,9.58,0,22.79,0,5.22,5.22,19,50,988.9
"2021-01-29T02:05:46+00:00",1611885946,"2021-01-29T02:05:46+0000",19,47,9.74,0,20.01,0.71,5.22,5.22,19,50,988.9
"2021-01-29T02:06:46+00:00",1611886006,"2021-01-29T02:06:46+0000",19,47,9.3,0,27.53,0,4.68,4.68,19,50,988.9
"2021-01-29T02:07:46+00:00",1611886066,"2021-01-29T02:07:46+0000",19,47,9.74,0,26.95,0,5.22,5.22,19,50,988.9
"2021-01-29T02:08:46+00:00",1611886126,"2021-01-29T02:08:46+0000",19,47,9.57,0,14.13,0,4.67,4.67,19,50,988.9
"2021-01-29T02:09:46+00:00",1611886186,"2021-01-29T02:09:46+0000",19,47,9.36,0,14.13,0,4.68,4.68,19,50,988.9
"2021-01-29T02:10:46+00:00",1611886246,"2021-01-29T02:10:46+0000",19,47,9.52,0,5.34,0,4.68,4.68,19,50,988.9
"2021-01-29T02:11:46+00:00",1611886306,"2021-01-29T02:11:46+0000",19,47,9.58,0,19.52,0,4.68,4.68,19,50,988.9
"2021-01-29T02:12:46+00:00",1611886366,"2021-01-29T02:12:46+0000",19,47,9.58,0,7.2,0,4.68,4.68,19,50,988.9
"2021-01-29T02:13:46+00:00",1611886426,"2021-01-29T02:13:46+0000",19,47,9.36,0,18.17,0.71,5.22,5.22,19,50,989
"2021-01-29T02:14:46+00:00",1611886486,"2021-01-29T02:14:46+0000",19,47,9.8,0,25.87,0,4.68,4.68,19,50,989
"2021-01-29T02:15:46+00:00",1611886546,"2021-01-29T02:15:46+0000",19,47,9.58,0,16.83,0,4.68,4.68,19,50,989
"2021-01-29T02:16:46+00:00",1611886606,"2021-01-29T02:16:46+0000",19,47,9.57,0,20.29,0,5.2,5.2,19,50,989
"2021-01-29T02:17:46+00:00",1611886666,"2021-01-29T02:17:46+0000",19,47,9.8,0,31.26,0,5.22,5.22,19,50,989
"2021-01-29T02:18:46+00:00",1611886726,"2021-01-29T02:18:46+0000",19,47,9.58,0,8.55,0,4.68,4.68,19,50,989
"2021-01-29T02:19:46+00:00",1611886786,"2021-01-29T02:19:46+0000",19,47,9.8,0,23.18,0,4.68,4.68,19,50,989
"2021-01-29T02:20:46+00:00",1611886846,"2021-01-29T02:20:46+0000",19,47,9.36,0,14.52,0,4.68,4.68,19,50,989
"2021-01-29T02:21:46+00:00",1611886906,"2021-01-29T02:21:46+0000",19,47,9.57,0,14.13,0.71,5.2,5.2,19,50,989
"2021-01-29T02:22:46+00:00",1611886966,"2021-01-29T02:22:46+0000",19,47,9.35,0,12.78,0,4.67,4.67,19,50,989
"2021-01-29T02:23:46+00:00",1611887026,"2021-01-29T02:23:46+0000",19,47,9.57,0,6.43,0,4.67,4.67,19,50,989
"2021-01-29T02:24:46+00:00",1611887086,"2021-01-29T02:24:46+0000",19,47,9.79,0,13.55,0,4.67,4.67,19,50,989
"2021-01-29T02:25:46+00:00",1611887146,"2021-01-29T02:25:46+0000",19,47,9.57,0,13.55,0,4.67,4.67,19,50,989
"2021-01-29T02:26:46+00:00",1611887206,"2021-01-29T02:26:46+0000",19,47,9.35,0,20.1,0,4.67,4.67,19,50,989
"2021-01-29T02:27:46+00:00",1611887266,"2021-01-29T02:27:46+0000",19,47,9.58,0,16.83,0,4.68,4.68,19,50,989
"2021-01-29T02:28:46+00:00",1611887326,"2021-01-29T02:28:46+0000",19,47,9.35,0,13.75,0,4.67,4.67,19,50,989
"2021-01-29T02:29:46+00:00",1611887386,"2021-01-29T02:29:46+0000",19,47,9.57,0,18.94,0,4.67,4.67,19,50,989
"2021-01-29T02:30:46+00:00",1611887446,"2021-01-29T02:30:46+0000",19,47,9.58,0,14.9,0,5.22,5.22,19,50,989
"2021-01-29T02:31:46+00:00",1611887506,"2021-01-29T02:31:46+0000",19,47,9.57,0,5.66,0,5.2,5.2,19,50,989
"2021-01-29T02:32:46+00:00",1611887566,"2021-01-29T02:32:46+0000",19,47,9.57,0,18.56,0,5.2,5.2,19,50,989
"2021-01-29T02:34:01+00:00",1611887641,"2021-01-29T02:34:01+0000",19,47,12.45,0,0,0,5.2,5.2,19,50,989
"2021-01-29T02:34:46+00:00",1611887686,"2021-01-29T02:34:46+0000",19,47,9.79,0,2.97,0.71,5.2,5.2,19,50,988.9
"2021-01-29T02:35:46+00:00",1611887746,"2021-01-29T02:35:46+0000",19,47,9.57,0,13.75,0,4.67,4.67,19,50,988.9
"2021-01-29T02:36:46+00:00",1611887806,"2021-01-29T02:36:46+0000",19,47,9.57,0,23.95,0,4.67,4.67,19,50,988.9
"2021-01-29T02:37:46+00:00",1611887866,"2021-01-29T02:37:46+0000",19,47,9.36,0,28.57,0.71,5.75,5.75,19,50,988.9
"2021-01-29T02:38:46+00:00",1611887926,"2021-01-29T02:38:46+0000",19,47,9.57,0,22.99,0,4.67,4.67,19,50,988.9
"2021-01-29T02:39:46+00:00",1611887986,"2021-01-29T02:39:46+0000",19,47,9.57,0,18.75,0,4.67,4.67,19,50,988.9
"2021-01-29T02:40:46+00:00",1611888046,"2021-01-29T02:40:46+0000",19,47,9.35,0,18.37,0,4.67,4.67,19,50,988.9
"2021-01-29T02:41:46+00:00",1611888106,"2021-01-29T02:41:46+0000",19,47,9.79,0,30.69,0.71,5.2,5.2,19,50,988.9
"2021-01-29T02:42:46+00:00",1611888166,"2021-01-29T02:42:46+0000",19,47,9.57,0,16.44,0,4.67,4.67,19,50,988.9
"2021-01-29T02:43:46+00:00",1611888226,"2021-01-29T02:43:46+0000",19,47,9.57,0,23.56,0,5.2,5.2,19,50,988.9
"2021-01-29T02:44:46+00:00",1611888286,"2021-01-29T02:44:46+0000",19,47,9.57,0,21.45,0,4.67,4.67,19,50,988.9
"2021-01-29T02:45:46+00:00",1611888346,"2021-01-29T02:45:46+0000",19,47,9.13,0,15.48,0,5.2,5.2,19,50,988.9
"2021-01-29T02:46:46+00:00",1611888406,"2021-01-29T02:46:46+0000",19,47,9.35,0,16.25,0,5.2,5.2,19,50,988.9
"2021-01-29T02:47:46+00:00",1611888466,"2021-01-29T02:47:46+0000",19,47,9.57,0,19.52,0,4.67,4.67,19,50,988.9
"2021-01-29T02:48:46+00:00",1611888526,"2021-01-29T02:48:46+0000",19,47,9.57,0,17.6,0,4.67,4.67,19,50,988.9
"2021-01-29T02:49:46+00:00",1611888586,"2021-01-29T02:49:46+0000",19,47,9.57,0,24.14,0,4.67,4.67,19,50,988.9
"2021-01-29T02:50:46+00:00",1611888646,"2021-01-29T02:50:46+0000",19,47,9.13,0,33.57,0,5.2,5.2,19,50,988.9
"2021-01-29T02:51:46+00:00",1611888706,"2021-01-29T02:51:46+0000",19,47,9.57,0,5.47,0,4.67,4.67,19,50,989
"2021-01-29T02:52:46+00:00",1611888766,"2021-01-29T02:52:46+0000",18,47,9.64,0,13.09,0,4.67,4.67,19,50,989
"2021-01-29T02:53:46+00:00",1611888826,"2021-01-29T02:53:46+0000",19,47,9.35,0,7.78,0,4.67,4.67,19,50,988.9
"2021-01-29T02:54:46+00:00",1611888886,"2021-01-29T02:54:46+0000",19,47,9.79,0,18.17,0,5.2,5.2,19,50,989
"2021-01-29T02:55:46+00:00",1611888946,"2021-01-29T02:55:46+0000",18,47,9.64,0,18.46,0.71,5.2,5.2,19,50,989
"2021-01-29T02:56:46+00:00",1611889006,"2021-01-29T02:56:46+0000",19,47,9.57,0,14.52,0,5.2,5.2,19,50,989
"2021-01-29T02:57:46+00:00",1611889066,"2021-01-29T02:57:46+0000",19,47,9.13,0,13.94,0,4.67,4.67,19,50,989
"2021-01-29T02:58:46+00:00",1611889126,"2021-01-29T02:58:46+0000",18,47,9.64,0,10.21,0,4.67,4.67,19,50,989
"2021-01-29T02:59:46+00:00",1611889186,"2021-01-29T02:59:46+0000",18,47,9.86,0,17.5,0,4.67,4.67,19,50,989
"2021-01-29T03:00:46+00:00",1611889246,"2021-01-29T03:00:46+0000",18,47,9.64,0,17.5,0,4.67,4.67,19,50,989
"2021-01-29T03:01:46+00:00",1611889306,"2021-01-29T03:01:46+0000",18,47,9.41,0,24.03,0,4.67,4.67,19,50,989
"2021-01-29T03:02:46+00:00",1611889366,"2021-01-29T03:02:46+0000",18,47,9.65,0,15.2,0,4.68,4.68,19,50,989
"2021-01-29T03:03:46+00:00",1611889426,"2021-01-29T03:03:46+0000",18,47,9.86,0,16.16,0,4.67,4.67,19,50,989
"2021-01-29T03:04:46+00:00",1611889486,"2021-01-29T03:04:46+0000",19,47,9.35,0,15.67,0,4.67,4.67,19,50,989
"2021-01-29T03:05:46+00:00",1611889546,"2021-01-29T03:05:46+0000",18,47,9.64,0,17.12,0,4.67,4.67,19,50,989
"2021-01-29T03:06:46+00:00",1611889606,"2021-01-29T03:06:46+0000",18,47,9.64,0,16.16,0.71,5.2,5.2,18,50,989
"2021-01-29T03:07:46+00:00",1611889666,"2021-01-29T03:07:46+0000",18,47,9.41,0,8.86,0,4.67,4.67,18,50,989
"2021-01-29T03:08:46+00:00",1611889726,"2021-01-29T03:08:46+0000",18,47,9.64,0,20.57,0,4.67,4.67,18,50,989
"2021-01-29T03:09:46+00:00",1611889786,"2021-01-29T03:09:46+0000",18,47,9.41,0,17.12,0,4.67,4.67,18,50,989
"2021-01-29T03:10:46+00:00",1611889846,"2021-01-29T03:10:46+0000",18,47,9.64,0,24.22,0,4.67,4.67,18,50,989
"2021-01-29T03:11:46+00:00",1611889906,"2021-01-29T03:11:46+0000",18,47,9.4,0,24.41,0,4.66,4.66,18,50,989
"2021-01-29T03:12:46+00:00",1611889966,"2021-01-29T03:12:46+0000",18,47,9.85,0,15.97,0,5.19,5.19,18,50,989
"2021-01-29T03:13:46+00:00",1611890026,"2021-01-29T03:13:46+0000",18,47,9.63,0,25.95,0,4.66,4.66,18,50,989
"2021-01-29T03:14:46+00:00",1611890086,"2021-01-29T03:14:46+0000",18,47,9.64,0,21.15,0,4.67,4.67,18,50,989
"2021-01-29T03:15:46+00:00",1611890146,"2021-01-29T03:15:46+0000",18,47,9.41,0,26.33,0,4.67,4.67,18,50,989
"2021-01-29T03:16:46+00:00",1611890206,"2021-01-29T03:16:46+0000",18,47,9.41,0,7.52,0,5.2,5.2,18,50,989
"2021-01-29T03:17:46+00:00",1611890266,"2021-01-29T03:17:46+0000",18,47,9.4,0,13.09,0,4.66,4.66,18,50,989
"2021-01-29T03:18:46+00:00",1611890326,"2021-01-29T03:18:46+0000",18,47,9.64,0,15.77,0,5.2,5.2,18,50,989
"2021-01-29T03:19:46+00:00",1611890386,"2021-01-29T03:19:46+0000",18,47,9.19,0,14.24,0,4.67,4.67,18,50,989
"2021-01-29T03:20:46+00:00",1611890446,"2021-01-29T03:20:46+0000",18,47,9.64,0,15.77,0,5.2,5.2,18,50,989
"2021-01-29T03:21:46+00:00",1611890506,"2021-01-29T03:21:46+0000",18,47,9.41,0,25.57,0,5.2,5.2,18,50,989
"2021-01-29T03:22:46+00:00",1611890566,"2021-01-29T03:22:46+0000",18,47,9.86,0,18.27,0,4.67,4.67,18,50,989
"2021-01-29T03:23:46+00:00",1611890626,"2021-01-29T03:23:46+0000",18,47,9.41,0,14.05,0,4.67,4.67,18,50,989
"2021-01-29T03:24:46+00:00",1611890686,"2021-01-29T03:24:46+0000",18,47,9.18,0,1.37,0,4.66,4.66,18,50,989
"2021-01-29T03:25:46+00:00",1611890746,"2021-01-29T03:25:46+0000",18,47,9.64,0,22.11,0,5.2,5.2,18,50,989
"2021-01-29T03:26:46+00:00",1611890806,"2021-01-29T03:26:46+0000",18,47,8.96,0,15.01,0.71,5.73,5.73,18,50,989
"2021-01-29T03:27:46+00:00",1611890866,"2021-01-29T03:27:46+0000",18,47,9.63,0,17.5,0,4.66,4.66,18,50,989
"2021-01-29T03:28:46+00:00",1611890926,"2021-01-29T03:28:46+0000",18,47,9.4,0,20,0,4.66,4.66,18,50,989
"2021-01-29T03:29:46+00:00",1611890986,"2021-01-29T03:29:46+0000",18,47,9.64,0,22.69,0.71,5.2,5.2,18,50,989
"2021-01-29T03:30:46+00:00",1611891046,"2021-01-29T03:30:46+0000",18,47,9.4,0,14.81,0,4.66,4.66,18,50,989
"2021-01-29T03:31:46+00:00",1611891106,"2021-01-29T03:31:46+0000",18,47,9.19,0,13.28,0,4.67,4.67,18,50,989
"2021-01-29T03:32:46+00:00",1611891166,"2021-01-29T03:32:46+0000",18,47,9.41,0,14.81,0,5.2,5.2,18,50,989
"2021-01-29T03:34:10+00:00",1611891250,"2021-01-29T03:34:10+0000",18,47,8.29,0,0,0,4.66,4.66,18,50,989
"2021-01-29T03:34:46+00:00",1611891286,"2021-01-29T03:34:46+0000",18,47,9.47,0,17.03,0,5.19,5.19,18,50,989
"2021-01-29T03:35:46+00:00",1611891346,"2021-01-29T03:35:46+0000",18,47,9.69,0,17.22,0,4.66,4.66,18,50,989
"2021-01-29T03:36:46+00:00",1611891406,"2021-01-29T03:36:46+0000",18,47,9.7,0,24.69,0,5.2,5.2,18,50,989
"2021-01-29T03:37:46+00:00",1611891466,"2021-01-29T03:37:46+0000",18,47,9.48,0,26.03,0,5.2,5.2,18,50,989.1
"2021-01-29T03:38:46+00:00",1611891526,"2021-01-29T03:38:46+0000",18,47,9.25,0,20.28,0,4.66,4.66,18,50,989
"2021-01-29T03:39:46+00:00",1611891586,"2021-01-29T03:39:46+0000",18,47,9.26,0,21.81,0,4.67,4.67,18,50,989
"2021-01-29T03:40:46+00:00",1611891646,"2021-01-29T03:40:46+0000",18,47,9.04,0,13.58,0,5.2,5.2,18,50,989
"2021-01-29T03:41:46+00:00",1611891706,"2021-01-29T03:41:46+0000",18,47,9.41,0,6.17,0,4.67,4.67,18,50,989
"2021-01-29T03:42:46+00:00",1611891766,"2021-01-29T03:42:46+0000",18,47,9.48,0,23.15,0,4.67,4.67,18,50,989
"2021-01-29T03:43:46+00:00",1611891826,"2021-01-29T03:43:46+0000",18,47,9.7,0,20.09,0,4.67,4.67,18,50,989
"2021-01-29T03:44:46+00:00",1611891886,"2021-01-29T03:44:46+0000",18,47,9.19,0,19.04,0,4.67,4.67,18,50,989
"2021-01-29T03:45:46+00:00",1611891946,"2021-01-29T03:45:46+0000",18,47,9.4,0,13.85,0,4.66,4.66,18,50,989
"2021-01-29T03:46:46+00:00",1611892006,"2021-01-29T03:46:46+0000",18,47,9.48,0,14.54,0,5.2,5.2,18,50,989
"2021-01-29T03:47:46+00:00",1611892066,"2021-01-29T03:47:46+0000",18,47,9.25,0,11.66,0,4.66,4.66,18,50,989
"2021-01-29T03:48:46+00:00",1611892126,"2021-01-29T03:48:46+0000",18,47,9.7,0,17.79,0,5.2,5.2,18,50,989
"2021-01-29T03:49:46+00:00",1611892186,"2021-01-29T03:49:46+0000",18,47,9.47,0,18.18,0.71,5.19,5.19,18,50,989
"2021-01-29T03:50:46+00:00",1611892246,"2021-01-29T03:50:46+0000",18,47,9.03,0,11.47,0.71,5.19,5.19,18,50,989
"2021-01-29T03:51:46+00:00",1611892306,"2021-01-29T03:51:46+0000",18,47,9.48,0,16.84,0.71,5.2,5.2,18,50,989
"2021-01-29T03:52:46+00:00",1611892366,"2021-01-29T03:52:46+0000",18,47,9.04,0,22.58,0,5.2,5.2,18,50,988.9
"2021-01-29T03:53:46+00:00",1611892426,"2021-01-29T03:53:46+0000",18,47,9.26,0,17.41,0,5.2,5.2,18,50,988.9
"2021-01-29T03:54:46+00:00",1611892486,"2021-01-29T03:54:46+0000",18,47,9.48,0,26.22,0.71,5.2,5.2,18,50,988.9
"2021-01-29T03:55:46+00:00",1611892546,"2021-01-29T03:55:46+0000",18,47,9.19,0,18.46,0,5.2,5.2,18,50,988.9
"2021-01-29T03:56:46+00:00",1611892606,"2021-01-29T03:56:46+0000",18,47,9.7,0,16.26,0,4.67,4.67,18,50,988.9
"2021-01-29T03:57:46+00:00",1611892666,"2021-01-29T03:57:46+0000",18,47,9.26,0,15.11,0.71,5.2,5.2,18,50,988.9
"2021-01-29T03:58:46+00:00",1611892726,"2021-01-29T03:58:46+0000",18,47,9.64,0,15.2,0.71,5.2,5.2,18,50,988.9
"2021-01-29T03:59:46+00:00",1611892786,"2021-01-29T03:59:46+0000",18,47,10.08,0,19.04,0,4.67,4.67,18,50,988.9
"2021-01-29T04:00:46+00:00",1611892846,"2021-01-29T04:00:46+0000",18,47,10.08,0,18.85,0,5.2,5.2,18,50,988.9
"2021-01-29T04:01:46+00:00",1611892906,"2021-01-29T04:01:46+0000",18,47,10.08,0,9.25,0,4.67,4.67,18,50,988.9
"2021-01-29T04:02:46+00:00",1611892966,"2021-01-29T04:02:46+0000",18,47,10.08,0,20.96,0,4.67,4.67,18,50,988.9
"2021-01-29T04:03:46+00:00",1611893026,"2021-01-29T04:03:46+0000",18,47,10.29,0,29.79,0,4.66,4.66,18,50,988.9
"2021-01-29T04:04:46+00:00",1611893086,"2021-01-29T04:04:46+0000",18,47,10.52,0,10.4,0,5.2,5.2,18,50,988.9
"2021-01-29T04:05:46+00:00",1611893146,"2021-01-29T04:05:46+0000",18,47,10.29,0,8.48,0,5.19,5.19,19,50,988.9
"2021-01-29T04:06:46+00:00",1611893206,"2021-01-29T04:06:46+0000",18,47,10.29,0,10.21,0,4.66,4.66,19,50,988.9
"2021-01-29T04:07:46+00:00",1611893266,"2021-01-29T04:07:46+0000",19,47,10.45,0,14.9,0,4.66,4.66,19,50,988.9
"2021-01-29T04:08:46+00:00",1611893326,"2021-01-29T04:08:46+0000",19,47,10.45,0,12.59,0,4.66,4.66,19,50,988.9
"2021-01-29T04:09:46+00:00",1611893386,"2021-01-29T04:09:46+0000",19,47,10.46,0,15.29,0,4.67,4.67,19,50,988.9
"2021-01-29T04:10:46+00:00",1611893446,"2021-01-29T04:10:46+0000",19,47,10.89,0,12.59,0,4.66,4.66,19,50,988.9
"2021-01-29T04:11:46+00:00",1611893506,"2021-01-29T04:11:46+0000",19,47,10.83,0,21.36,0.71,5.19,5.19,19,50,988.9
"2021-01-29T04:12:46+00:00",1611893566,"2021-01-29T04:12:46+0000",19,47,10.84,0,13.25,0.71,5.2,5.2,19,50,988.9
"2021-01-29T04:13:46+00:00",1611893626,"2021-01-29T04:13:46+0000",19,47,11.06,0,23.48,0,4.67,4.67,19,50,988.9
"2021-01-29T04:14:46+00:00",1611893686,"2021-01-29T04:14:46+0000",19,47,11.06,0,19.23,0,4.67,4.67,19,50,988.9
"2021-01-29T04:15:46+00:00",1611893746,"2021-01-29T04:15:46+0000",19,47,11.22,0,17.98,0,4.67,4.67,19,50,988.9
"2021-01-29T04:16:46+00:00",1611893806,"2021-01-29T04:16:46+0000",19,47,10.77,0,20.69,0.71,5.74,5.74,19,50,988.9
"2021-01-29T04:17:46+00:00",1611893866,"2021-01-29T04:17:46+0000",19,47,11.59,0,33.4,0,4.67,4.67,19,50,988.9
"2021-01-29T04:18:46+00:00",1611893926,"2021-01-29T04:18:46+0000",19,47,11.44,0,14.88,0,5.2,5.2,19,50,988.9
"2021-01-29T04:19:46+00:00",1611893986,"2021-01-29T04:19:46+0000",19,47,11.15,0,17.3,0,5.2,5.2,19,50,988.9
"2021-01-29T04:20:46+00:00",1611894046,"2021-01-29T04:20:46+0000",19,47,11.15,0,21.57,0,5.2,5.2,19,50,988.9
"2021-01-29T04:21:46+00:00",1611894106,"2021-01-29T04:21:46+0000",19,47,11.1,0,22.65,0,5.22,5.22,19,50,988.9
"2021-01-29T04:22:46+00:00",1611894166,"2021-01-29T04:22:46+0000",19,47,11.1,0,28.09,0,4.68,4.68,19,50,988.9
"2021-01-29T04:23:46+00:00",1611894226,"2021-01-29T04:23:46+0000",19,47,11.1,0,28.48,0,4.68,4.68,19,50,988.9
"2021-01-29T04:24:46+00:00",1611894286,"2021-01-29T04:24:46+0000",19,47,11.03,0,0,0,4.68,4.68,19,50,988.9
"2021-01-29T04:25:46+00:00",1611894346,"2021-01-29T04:25:46+0000",19,46,10.82,0,28.8,0,4.69,4.69,19,49,988.8
"2021-01-29T04:26:46+00:00",1611894406,"2021-01-29T04:26:46+0000",19,46,10.6,0,18.66,0,4.69,4.69,19,49,988.8
"2021-01-29T04:27:46+00:00",1611894466,"2021-01-29T04:27:46+0000",19,46,11.04,0,17.3,0,4.69,4.69,19,49,988.8
"2021-01-29T04:28:46+00:00",1611894526,"2021-01-29T04:28:46+0000",19,46,10.98,0,17.39,0.71,5.23,5.23,19,49,988.8
"2021-01-29T04:29:46+00:00",1611894586,"2021-01-29T04:29:46+0000",19,46,10.99,0,7.42,0,5.24,5.24,19,49,988.8
"2021-01-29T04:30:46+00:00",1611894646,"2021-01-29T04:30:46+0000",19,46,10.54,0,19.35,0,4.71,4.71,19,49,988.8
"2021-01-29T04:31:46+00:00",1611894706,"2021-01-29T04:31:46+0000",19,46,10.1,0,25.61,0,4.71,4.71,19,49,988.8
"2021-01-29T04:32:46+00:00",1611894766,"2021-01-29T04:32:46+0000",19,46,10.49,0,13.77,0,4.72,4.72,19,49,988.8
"2021-01-29T04:34:02+00:00",1611894842,"2021-01-29T04:34:02+0000",19,46,12.93,0,155.48,0,4.72,4.72,19,49,988.8
"2021-01-29T04:34:46+00:00",1611894886,"2021-01-29T04:34:46+0000",19,46,10.27,0,34.35,0,4.72,4.72,19,49,988.8
"2021-01-29T04:35:46+00:00",1611894946,"2021-01-29T04:35:46+0000",19,46,9.77,0,7.18,0,4.73,4.73,19,49,988.8
"2021-01-29T04:36:46+00:00",1611895006,"2021-01-29T04:36:46+0000",19,46,10.22,0,26.83,0,4.73,4.73,19,49,988.8
"2021-01-29T04:37:46+00:00",1611895066,"2021-01-29T04:37:46+0000",19,46,10.45,0,28.2,0,5.28,5.28,19,49,988.8
"2021-01-29T04:38:46+00:00",1611895126,"2021-01-29T04:38:46+0000",19,46,10.23,0,19.16,0,4.75,4.75,19,49,988.8
"2021-01-29T04:39:46+00:00",1611895186,"2021-01-29T04:39:46+0000",19,46,10,0,24.08,0,5.28,5.28,19,49,988.8
"2021-01-29T04:40:46+00:00",1611895246,"2021-01-29T04:40:46+0000",19,46,10.16,0,20.65,0,5.28,5.28,19,49,988.8
"2021-01-29T04:41:46+00:00",1611895306,"2021-01-29T04:41:46+0000",19,46,9.95,0,34.83,0,4.76,4.76,19,49,988.8
"2021-01-29T04:42:46+00:00",1611895366,"2021-01-29T04:42:46+0000",19,46,9.95,0,13.16,0,4.76,4.76,19,49,988.8
"2021-01-29T04:43:46+00:00",1611895426,"2021-01-29T04:43:46+0000",20,46,9.68,0,23.72,0.71,5.31,5.31,19,49,988.8
"2021-01-29T04:44:46+00:00",1611895486,"2021-01-29T04:44:46+0000",20,46,9.68,0,22.73,0,4.77,4.77,20,49,988.8
"2021-01-29T04:45:46+00:00",1611895546,"2021-01-29T04:45:46+0000",20,46,9.9,0,19.18,0,4.77,4.77,20,49,988.8
"2021-01-29T04:46:46+00:00",1611895606,"2021-01-29T04:46:46+0000",20,46,9.69,0,18.39,0.71,5.32,5.32,20,49,988.8
"2021-01-29T04:47:46+00:00",1611895666,"2021-01-29T04:47:46+0000",20,46,9.69,0,26.09,0,4.78,4.78,20,49,988.8
"2021-01-29T04:48:46+00:00",1611895726,"2021-01-29T04:48:46+0000",20,46,9.7,0,16.21,0,4.8,4.8,20,49,988.8
"2021-01-29T04:49:46+00:00",1611895786,"2021-01-29T04:49:46+0000",20,46,9.63,0,12.55,0,4.8,4.8,20,49,988.8
"2021-01-29T04:50:46+00:00",1611895846,"2021-01-29T04:50:46+0000",20,46,9.63,0,21.46,0,5.34,5.34,20,49,988.8
"2021-01-29T04:51:46+00:00",1611895906,"2021-01-29T04:51:46+0000",20,46,9.19,0,14.93,0,4.8,4.8,20,48,988.8
"2021-01-29T04:52:46+00:00",1611895966,"2021-01-29T04:52:46+0000",20,46,9.42,0,19.48,0,4.81,4.81,20,48,988.8
"2021-01-29T04:53:46+00:00",1611896026,"2021-01-29T04:53:46+0000",20,46,9.58,0,29.31,0.71,5.35,5.35,20,48,988.8
"2021-01-29T04:54:46+00:00",1611896086,"2021-01-29T04:54:46+0000",20,45,9.15,0,17.21,0,5.36,5.36,20,48,988.8
"2021-01-29T04:55:46+00:00",1611896146,"2021-01-29T04:55:46+0000",20,46,9.36,0,28.92,0,4.81,4.81,20,48,988.8
"2021-01-29T04:56:46+00:00",1611896206,"2021-01-29T04:56:46+0000",20,45,8.92,0,23.76,0,5.36,5.36,20,48,988.8
"2021-01-29T04:57:46+00:00",1611896266,"2021-01-29T04:57:46+0000",20,45,9.15,0,19.39,0.71,5.36,5.36,20,48,988.8
"2021-01-29T04:58:46+00:00",1611896326,"2021-01-29T04:58:46+0000",20,45,8.65,0,20.89,0,5.37,5.37,20,48,988.8
"2021-01-29T04:59:46+00:00",1611896386,"2021-01-29T04:59:46+0000",20,45,8.65,0,34.22,0,4.84,4.84,20,48,988.8
"2021-01-29T05:00:46+00:00",1611896446,"2021-01-29T05:00:46+0000",20,45,8.87,0,29.85,0,5.37,5.37,20,48,988.8
"2021-01-29T05:01:46+00:00",1611896506,"2021-01-29T05:01:46+0000",20,45,8.65,0,21.89,0,4.84,4.84,20,48,988.8
"2021-01-29T05:02:46+00:00",1611896566,"2021-01-29T05:02:46+0000",20,45,8.65,0,20.29,0,5.37,5.37,20,48,988.8
"2021-01-29T05:03:46+00:00",1611896626,"2021-01-29T05:03:46+0000",20,45,8.66,0,25.67,0,5.39,5.39,20,48,988.9
"2021-01-29T05:04:46+00:00",1611896686,"2021-01-29T05:04:46+0000",20,45,8.6,0,24.19,0,4.85,4.85,20,48,988.9
"2021-01-29T05:05:46+00:00",1611896746,"2021-01-29T05:05:46+0000",20,45,8.61,0,23.2,0,5.4,5.4,20,48,988.9
"2021-01-29T05:06:46+00:00",1611896806,"2021-01-29T05:06:46+0000",20,45,8.61,0,20.8,0,4.86,4.86,20,48,988.8
"2021-01-29T05:07:46+00:00",1611896866,"2021-01-29T05:07:46+0000",20,45,8.17,0,24.99,0,4.87,4.87,20,48,988.8
"2021-01-29T05:08:46+00:00",1611896926,"2021-01-29T05:08:46+0000",20,45,8.4,0,16.41,0,5.41,5.41,20,48,988.8
"2021-01-29T05:09:46+00:00",1611896986,"2021-01-29T05:09:46+0000",20,45,8.33,0,21.72,0,5.41,5.41,20,48,988.8
"2021-01-29T05:10:46+00:00",1611897046,"2021-01-29T05:10:46+0000",20,45,8.33,0,32.32,0,4.87,4.87,20,48,988.8
"2021-01-29T05:11:46+00:00",1611897106,"2021-01-29T05:11:46+0000",20,45,8.12,0,10.12,0,5.43,5.43,20,48,988.8
"2021-01-29T05:12:46+00:00",1611897166,"2021-01-29T05:12:46+0000",20,45,7.68,0,34.92,0,5.43,5.43,20,48,988.8
"2021-01-29T05:13:46+00:00",1611897226,"2021-01-29T05:13:46+0000",20,45,8.34,0,18.72,0,4.89,4.89,20,48,988.9
"2021-01-29T05:14:46+00:00",1611897286,"2021-01-29T05:14:46+0000",20,45,8.34,0,24.12,0,4.89,4.89,20,48,988.9
"2021-01-29T05:15:46+00:00",1611897346,"2021-01-29T05:15:46+0000",20,45,7.91,0,26.72,0,4.9,4.9,20,48,988.9
"2021-01-29T05:16:46+00:00",1611897406,"2021-01-29T05:16:46+0000",20,45,8.35,0,27.72,0,5.44,5.44,20,48,988.9
"2021-01-29T05:17:46+00:00",1611897466,"2021-01-29T05:17:46+0000",20,45,8.08,0,19.43,0,4.91,4.91,20,48,988.9
"2021-01-29T05:18:46+00:00",1611897526,"2021-01-29T05:18:46+0000",20,45,8.07,0,18.22,0,4.9,4.9,20,48,988.9
"2021-01-29T05:19:46+00:00",1611897586,"2021-01-29T05:19:46+0000",20,45,7.86,0,12.41,0,4.91,4.91,20,48,988.9
"2021-01-29T05:20:46+00:00",1611897646,"2021-01-29T05:20:46+0000",20,45,7.86,0,22.83,0,5.45,5.45,20,48,988.8
"2021-01-29T05:21:46+00:00",1611897706,"2021-01-29T05:21:46+0000",20,45,8.3,0,28.45,0.71,5.45,5.45,20,48,988.8
"2021-01-29T05:22:46+00:00",1611897766,"2021-01-29T05:22:46+0000",20,45,7.87,0,30.45,0,5.47,5.47,20,48,988.8
"2021-01-29T05:23:46+00:00",1611897826,"2021-01-29T05:23:46+0000",20,45,8.09,0,27.45,0,5.47,5.47,20,48,988.8
"2021-01-29T05:24:46+00:00",1611897886,"2021-01-29T05:24:46+0000",20,45,8.02,0,23.76,0,5.47,5.47,20,48,988.8
"2021-01-29T05:25:46+00:00",1611897946,"2021-01-29T05:25:46+0000",20,45,7.58,0,27.98,0.71,5.47,5.47,20,48,988.9
"2021-01-29T05:26:46+00:00",1611898006,"2021-01-29T05:26:46+0000",20,45,8.02,0,6.07,0,4.93,4.93,20,47,988.8
"2021-01-29T05:27:46+00:00",1611898066,"2021-01-29T05:27:46+0000",20,45,8.26,0,19.74,0,4.94,4.94,20,47,988.9
"2021-01-29T05:28:46+00:00",1611898126,"2021-01-29T05:28:46+0000",20,45,7.59,0,21.75,0,4.94,4.94,20,47,988.9
"2021-01-29T05:29:46+00:00",1611898186,"2021-01-29T05:29:46+0000",20,45,8.03,0,24.16,0,5.48,5.48,20,47,988.8
"2021-01-29T05:30:46+00:00",1611898246,"2021-01-29T05:30:46+0000",20,45,7.59,0,28.58,0,5.48,5.48,20,47,988.9
"2021-01-29T05:31:46+00:00",1611898306,"2021-01-29T05:31:46+0000",20,45,7.75,0,26.5,0,5.48,5.48,20,47,988.9
"2021-01-29T05:32:46+00:00",1611898366,"2021-01-29T05:32:46+0000",20,44,7.76,0,23.07,0,5.49,5.49,20,47,988.9
"2021-01-29T05:34:01+00:00",1611898441,"2021-01-29T05:34:01+0000",20,44,8.87,0,0,0.71,5.49,5.49,20,47,988.9
"2021-01-29T05:34:46+00:00",1611898486,"2021-01-29T05:34:46+0000",20,44,7.54,0,21.87,0,4.95,4.95,20,47,988.9
"2021-01-29T05:35:46+00:00",1611898546,"2021-01-29T05:35:46+0000",20,44,7.54,0,16.83,0,4.95,4.95,20,47,988.9
"2021-01-29T05:36:46+00:00",1611898606,"2021-01-29T05:36:46+0000",20,44,7.76,0,13.6,0,5.49,5.49,20,47,988.8
"2021-01-29T05:37:46+00:00",1611898666,"2021-01-29T05:37:46+0000",20,44,7.76,0,34.76,0.71,5.49,5.49,20,47,988.9
"2021-01-29T05:38:46+00:00",1611898726,"2021-01-29T05:38:46+0000",20,44,7.99,0,23.48,0,5.51,5.51,20,47,988.9
"2021-01-29T05:39:46+00:00",1611898786,"2021-01-29T05:39:46+0000",20,44,6.88,0,40.81,0,5.51,5.51,20,47,988.9
"2021-01-29T05:40:46+00:00",1611898846,"2021-01-29T05:40:46+0000",20,44,7.77,0,33.55,0,5.51,5.51,20,47,988.9
"2021-01-29T05:41:46+00:00",1611898906,"2021-01-29T05:41:46+0000",20,44,7.99,0,24.89,0.71,5.51,5.51,20,47,988.9
"2021-01-29T05:42:46+00:00",1611898966,"2021-01-29T05:42:46+0000",20,44,7.05,0,24.21,0,5.52,5.52,20,47,988.9
"2021-01-29T05:43:46+00:00",1611899026,"2021-01-29T05:43:46+0000",20,44,7.72,0,27.03,0,4.98,4.98,20,47,988.9
"2021-01-29T05:44:46+00:00",1611899086,"2021-01-29T05:44:46+0000",20,44,7.94,0,20.37,0,4.98,4.98,20,47,988.9
"2021-01-29T05:45:46+00:00",1611899146,"2021-01-29T05:45:46+0000",20,44,7.72,0,31.68,0.71,5.52,5.52,20,47,988.9
"2021-01-29T05:46:46+00:00",1611899206,"2021-01-29T05:46:46+0000",20,44,7.72,0,18.15,0,4.98,4.98,20,47,988.9
"2021-01-29T05:47:46+00:00",1611899266,"2021-01-29T05:47:46+0000",20,44,7.94,0,31.88,0.71,5.52,5.52,20,47,988.9
"2021-01-29T05:48:46+00:00",1611899326,"2021-01-29T05:48:46+0000",20,44,7.49,0,33.7,0,4.98,4.98,20,47,988.9
"2021-01-29T05:49:46+00:00",1611899386,"2021-01-29T05:49:46+0000",20,44,7.95,0,20.57,0,5.53,5.53,21,47,988.9
"2021-01-29T05:50:46+00:00",1611899446,"2021-01-29T05:50:46+0000",21,44,7,0,28.38,0,4.99,4.99,21,47,988.9
"2021-01-29T05:51:46+00:00",1611899506,"2021-01-29T05:51:46+0000",21,44,8.11,0,31.42,0.71,6.07,6.07,21,47,988.9
"2021-01-29T05:52:46+00:00",1611899566,"2021-01-29T05:52:46+0000",21,44,7.66,0,25.55,0,4.99,4.99,21,47,988.9
"2021-01-29T05:53:46+00:00",1611899626,"2021-01-29T05:53:46+0000",21,44,7.66,0,22.91,0,5.53,5.53,21,47,988.8
"2021-01-29T05:54:46+00:00",1611899686,"2021-01-29T05:54:46+0000",21,44,7.88,0,27.77,0,4.99,4.99,21,47,988.9
"2021-01-29T05:55:46+00:00",1611899746,"2021-01-29T05:55:46+0000",21,44,7.67,0,26.76,0.71,5.54,5.54,21,47,988.8
"2021-01-29T05:56:46+00:00",1611899806,"2021-01-29T05:56:46+0000",21,44,7.67,0,29.6,0,5,5,21,47,988.8
"2021-01-29T05:57:46+00:00",1611899866,"2021-01-29T05:57:46+0000",21,44,7.45,0,20.89,0,5.54,5.54,21,47,988.9
"2021-01-29T05:58:46+00:00",1611899926,"2021-01-29T05:58:46+0000",21,44,8.12,0,33.85,0,5,5,21,47,988.9
"2021-01-29T05:59:46+00:00",1611899986,"2021-01-29T05:59:46+0000",21,44,7.67,0,17.85,0,5.54,5.54,21,47,988.9
"2021-01-29T06:00:46+00:00",1611900046,"2021-01-29T06:00:46+0000",21,44,7.67,0,26.76,0,5,5,21,47,988.9
"2021-01-29T06:01:46+00:00",1611900106,"2021-01-29T06:01:46+0000",21,44,7.83,0,16.74,0,5,5,21,47,988.9
"2021-01-29T06:02:46+00:00",1611900166,"2021-01-29T06:02:46+0000",21,44,7.84,0,21.21,0,5.56,5.56,21,47,988.9
"2021-01-29T06:03:46+00:00",1611900226,"2021-01-29T06:03:46+0000",21,44,7.84,0,15.12,0,5.02,5.02,21,47,988.8
"2021-01-29T06:04:46+00:00",1611900286,"2021-01-29T06:04:46+0000",21,44,7.83,0,29.94,0,5,5,21,47,988.9
"2021-01-29T06:05:46+00:00",1611900346,"2021-01-29T06:05:46+0000",21,44,7.39,0,32.78,0,5.54,5.54,21,47,988.9
"2021-01-29T06:06:46+00:00",1611900406,"2021-01-29T06:06:46+0000",21,44,7.4,0,27.1,0,5.56,5.56,21,47,988.9
"2021-01-29T06:07:46+00:00",1611900466,"2021-01-29T06:07:46+0000",21,44,7.62,0,31.16,0,5.56,5.56,21,47,988.9
"2021-01-29T06:08:46+00:00",1611900526,"2021-01-29T06:08:46+0000",21,44,7.84,0,27.1,0,5.02,5.02,21,47,988.9
"2021-01-29T06:09:46+00:00",1611900586,"2021-01-29T06:09:46+0000",21,44,7.84,0,29.94,0,5.02,5.02,21,47,988.9
"2021-01-29T06:10:46+00:00",1611900646,"2021-01-29T06:10:46+0000",21,44,7.62,0,17.96,0,5.02,5.02,21,47,988.8
"2021-01-29T06:11:46+00:00",1611900706,"2021-01-29T06:11:46+0000",21,44,7.41,0,27.3,0,5.03,5.03,21,47,988.8
"2021-01-29T06:12:46+00:00",1611900766,"2021-01-29T06:12:46+0000",21,44,7.85,0,24.86,0,5.57,5.57,21,47,988.8
"2021-01-29T06:13:46+00:00",1611900826,"2021-01-29T06:13:46+0000",21,44,7.79,0,21.33,0.71,6.11,6.11,21,47,988.8
"2021-01-29T06:14:46+00:00",1611900886,"2021-01-29T06:14:46+0000",21,44,8.01,0,24.79,0.71,5.57,5.57,21,47,988.8
"2021-01-29T06:15:46+00:00",1611900946,"2021-01-29T06:15:46+0000",21,44,7.78,0,21.33,0,5.56,5.56,21,47,988.8
"2021-01-29T06:16:46+00:00",1611901006,"2021-01-29T06:16:46+0000",21,44,7.57,0,28.45,0,5.03,5.03,21,47,988.8
"2021-01-29T06:17:46+00:00",1611901066,"2021-01-29T06:17:46+0000",21,44,7.57,0,36.18,0,5.57,5.57,21,47,988.9
"2021-01-29T06:18:46+00:00",1611901126,"2021-01-29T06:18:46+0000",21,44,7.57,0,29.06,0,5.03,5.03,21,47,988.8
"2021-01-29T06:19:46+00:00",1611901186,"2021-01-29T06:19:46+0000",21,44,8.02,0,19.5,0,5.04,5.04,21,47,988.9
"2021-01-29T06:20:46+00:00",1611901246,"2021-01-29T06:20:46+0000",21,44,7.58,0,24.79,0,5.04,5.04,21,47,988.8
"2021-01-29T06:21:46+00:00",1611901306,"2021-01-29T06:21:46+0000",21,44,8.01,0,29.06,0,5.03,5.03,21,47,988.8
"2021-01-29T06:22:46+00:00",1611901366,"2021-01-29T06:22:46+0000",21,44,7.36,0,29.06,0,5.58,5.58,21,47,988.8
"2021-01-29T06:23:46+00:00",1611901426,"2021-01-29T06:23:46+0000",21,44,8.02,0,30.08,0,5.04,5.04,21,47,988.8
"2021-01-29T06:24:46+00:00",1611901486,"2021-01-29T06:24:46+0000",21,44,7.51,0,12.06,0,5.04,5.04,21,47,988.8
"2021-01-29T06:25:46+00:00",1611901546,"2021-01-29T06:25:46+0000",21,44,7.29,0,35.32,0,5.04,5.04,21,47,988.8
"2021-01-29T06:26:46+00:00",1611901606,"2021-01-29T06:26:46+0000",21,44,7.73,0,11.65,0,5.04,5.04,21,47,988.8
"2021-01-29T06:27:46+00:00",1611901666,"2021-01-29T06:27:46+0000",21,44,7.51,0,21.45,0,5.58,5.58,21,47,988.8
"2021-01-29T06:28:46+00:00",1611901726,"2021-01-29T06:28:46+0000",21,44,7.52,0,18.39,0,5.6,5.6,21,47,988.8
"2021-01-29T06:29:46+00:00",1611901786,"2021-01-29T06:29:46+0000",21,44,7.51,0,31.65,0,5.04,5.04,21,47,988.8
"2021-01-29T06:30:46+00:00",1611901846,"2021-01-29T06:30:46+0000",21,44,7.74,0,30.42,0,5.05,5.05,21,47,988.8
"2021-01-29T06:31:46+00:00",1611901906,"2021-01-29T06:31:46+0000",21,44,7.74,0,17.16,0,5.6,5.6,21,47,988.8
"2021-01-29T06:32:46+00:00",1611901966,"2021-01-29T06:32:46+0000",21,44,7.3,0,39.4,0,5.6,5.6,21,46,988.8
"2021-01-29T06:34:01+00:00",1611902041,"2021-01-29T06:34:01+0000",21,44,4.64,0,230.95,0,5.6,5.6,21,47,988.8
"2021-01-29T06:34:46+00:00",1611902086,"2021-01-29T06:34:46+0000",21,44,8.19,0,26.14,0,5.6,5.6,21,46,988.8
"2021-01-29T06:35:46+00:00",1611902146,"2021-01-29T06:35:46+0000",21,44,7.3,0,25.12,0.71,5.6,5.6,21,46,988.9
"2021-01-29T06:36:46+00:00",1611902206,"2021-01-29T06:36:46+0000",21,44,7.74,0,21.24,0,5.6,5.6,21,46,988.9
"2021-01-29T06:37:46+00:00",1611902266,"2021-01-29T06:37:46+0000",21,44,7.52,0,18.59,0,5.6,5.6,21,46,988.9
"2021-01-29T06:38:46+00:00",1611902326,"2021-01-29T06:38:46+0000",21,44,7.53,0,21.45,0.71,5.61,5.61,21,46,988.9
"2021-01-29T06:39:46+00:00",1611902386,"2021-01-29T06:39:46+0000",21,44,7.76,0,24.71,0,5.61,5.61,21,46,988.9
"2021-01-29T06:40:46+00:00",1611902446,"2021-01-29T06:40:46+0000",21,44,7.53,0,33.89,0,5.07,5.07,21,46,988.9
"2021-01-29T06:41:46+00:00",1611902506,"2021-01-29T06:41:46+0000",21,44,7.53,0,23.08,0,5.61,5.61,21,46,988.9
"2021-01-29T06:42:46+00:00",1611902566,"2021-01-29T06:42:46+0000",21,44,7.53,0,26.34,0,5.07,5.07,21,46,988.9
"2021-01-29T06:43:46+00:00",1611902626,"2021-01-29T06:43:46+0000",21,44,7.98,0,27.57,0,5.61,5.61,21,46,988.9
"2021-01-29T06:44:46+00:00",1611902686,"2021-01-29T06:44:46+0000",21,43,7.77,0,33.28,0,5.08,5.08,21,46,988.9
"2021-01-29T06:45:46+00:00",1611902746,"2021-01-29T06:45:46+0000",21,44,7.91,0,24.23,0,5.61,5.61,21,46,988.9
"2021-01-29T06:46:46+00:00",1611902806,"2021-01-29T06:46:46+0000",21,44,7.69,0,22.18,0,5.61,5.61,21,46,988.9
"2021-01-29T06:47:46+00:00",1611902866,"2021-01-29T06:47:46+0000",21,43,7.7,0,28.11,0,5.08,5.08,21,46,988.9
"2021-01-29T06:48:46+00:00",1611902926,"2021-01-29T06:48:46+0000",21,43,7.04,0,31.18,0,5.08,5.08,21,46,988.9
"2021-01-29T06:49:46+00:00",1611902986,"2021-01-29T06:49:46+0000",21,43,8.15,0,38.54,0,5.08,5.08,21,46,988.9
"2021-01-29T06:50:46+00:00",1611903046,"2021-01-29T06:50:46+0000",21,43,7.7,0,24.64,0,5.08,5.08,21,46,988.9
"2021-01-29T06:51:46+00:00",1611903106,"2021-01-29T06:51:46+0000",21,43,7.92,0,31.38,0,5.62,5.62,21,46,988.9
"2021-01-29T06:52:46+00:00",1611903166,"2021-01-29T06:52:46+0000",21,43,8.15,0,25.86,0,5.62,5.62,21,46,988.9
"2021-01-29T06:53:46+00:00",1611903226,"2021-01-29T06:53:46+0000",21,43,7.92,0,34.04,0,5.08,5.08,21,46,988.9
"2021-01-29T06:54:46+00:00",1611903286,"2021-01-29T06:54:46+0000",21,43,7.7,0,24.64,0,5.08,5.08,21,46,988.9
"2021-01-29T06:55:46+00:00",1611903346,"2021-01-29T06:55:46+0000",21,43,7.7,0,32.82,0,5.62,5.62,21,46,988.9
"2021-01-29T06:56:46+00:00",1611903406,"2021-01-29T06:56:46+0000",21,43,7.92,0,21.98,0,5.62,5.62,21,46,988.9
"2021-01-29T06:57:46+00:00",1611903466,"2021-01-29T06:57:46+0000",21,43,7.92,0,29.34,0,5.08,5.08,21,46,988.9
"2021-01-29T06:58:46+00:00",1611903526,"2021-01-29T06:58:46+0000",21,43,7.92,0,27.5,0,5.08,5.08,21,46,988.9
"2021-01-29T06:59:46+00:00",1611903586,"2021-01-29T06:59:46+0000",21,43,7.7,0,22.59,0,5.08,5.08,21,46,988.9
"2021-01-29T07:00:46+00:00",1611903646,"2021-01-29T07:00:46+0000",21,43,7.92,0,31.59,0.71,5.62,5.62,21,46,988.9
"2021-01-29T07:01:46+00:00",1611903706,"2021-01-29T07:01:46+0000",21,43,7.48,0,24.43,0.71,5.62,5.62,21,46,988.9
"2021-01-29T07:02:46+00:00",1611903766,"2021-01-29T07:02:46+0000",21,43,7.94,0,34.86,0,5.64,5.64,21,46,988.9
"2021-01-29T07:03:46+00:00",1611903826,"2021-01-29T07:03:46+0000",21,43,8.16,0,33.63,0,5.09,5.09,21,46,988.9
"2021-01-29T07:04:46+00:00",1611903886,"2021-01-29T07:04:46+0000",21,43,7.92,0,32,0,5.08,5.08,21,46,988.9
"2021-01-29T07:05:46+00:00",1611903946,"2021-01-29T07:05:46+0000",21,43,8.15,0,25.45,0,5.62,5.62,21,46,988.9
"2021-01-29T07:06:46+00:00",1611904006,"2021-01-29T07:06:46+0000",21,43,7.71,0,26.48,0,5.09,5.09,21,46,988.9
"2021-01-29T07:07:46+00:00",1611904066,"2021-01-29T07:07:46+0000",21,43,7.92,0,29.34,0.71,5.62,5.62,21,46,988.9
"2021-01-29T07:08:46+00:00",1611904126,"2021-01-29T07:08:46+0000",21,43,7.7,0,36.29,0,5.62,5.62,21,46,988.9
"2021-01-29T07:09:46+00:00",1611904186,"2021-01-29T07:09:46+0000",21,43,7.94,0,19.73,0,5.64,5.64,21,46,988.9
"2021-01-29T07:10:46+00:00",1611904246,"2021-01-29T07:10:46+0000",21,43,7.94,0,27.5,0,5.09,5.09,21,46,988.9
"2021-01-29T07:11:46+00:00",1611904306,"2021-01-29T07:11:46+0000",21,43,7.71,0,30.97,0,5.64,5.64,21,46,988.9
"2021-01-29T07:12:46+00:00",1611904366,"2021-01-29T07:12:46+0000",21,43,7.94,0,34.25,0,5.09,5.09,21,46,988.9
"2021-01-29T07:13:46+00:00",1611904426,"2021-01-29T07:13:46+0000",21,43,7.94,0,24.43,0,5.09,5.09,21,46,988.9
"2021-01-29T07:14:46+00:00",1611904486,"2021-01-29T07:14:46+0000",21,43,8.31,0,34.19,0,5.09,5.09,21,46,988.9
"2021-01-29T07:15:46+00:00",1611904546,"2021-01-29T07:15:46+0000",21,43,7.94,0,34.25,0,5.09,5.09,21,46,988.9
"2021-01-29T07:16:46+00:00",1611904606,"2021-01-29T07:16:46+0000",21,43,7.87,0,27.43,0,5.09,5.09,21,46,988.9
"2021-01-29T07:17:46+00:00",1611904666,"2021-01-29T07:17:46+0000",21,43,8.16,0,29.34,0,5.09,5.09,21,46,988.9
"2021-01-29T07:18:46+00:00",1611904726,"2021-01-29T07:18:46+0000",21,43,8.31,0,25.58,0,5.64,5.64,21,46,989
"2021-01-29T07:19:46+00:00",1611904786,"2021-01-29T07:19:46+0000",21,43,7.65,0,28.45,0,5.09,5.09,21,46,989
"2021-01-29T07:20:46+00:00",1611904846,"2021-01-29T07:20:46+0000",21,43,8.09,0,32.35,0,5.09,5.09,21,46,989
"2021-01-29T07:21:46+00:00",1611904906,"2021-01-29T07:21:46+0000",21,43,8.09,0,32.14,0,5.09,5.09,21,46,989
"2021-01-29T07:22:46+00:00",1611904966,"2021-01-29T07:22:46+0000",21,43,8.09,0,25.99,0,5.09,5.09,21,46,989
"2021-01-29T07:23:46+00:00",1611905026,"2021-01-29T07:23:46+0000",21,43,8.09,0,30.91,0,5.09,5.09,21,46,989
"2021-01-29T07:24:46+00:00",1611905086,"2021-01-29T07:24:46+0000",21,43,8.09,0,23.12,0,5.64,5.64,21,46,989
"2021-01-29T07:25:46+00:00",1611905146,"2021-01-29T07:25:46+0000",21,43,8.31,0,29.27,0,5.64,5.64,21,46,989
"2021-01-29T07:26:46+00:00",1611905206,"2021-01-29T07:26:46+0000",21,43,8.31,0,28.45,0,5.64,5.64,21,46,989
"2021-01-29T07:27:46+00:00",1611905266,"2021-01-29T07:27:46+0000",21,43,8.54,0,31.53,0,5.09,5.09,21,46,989
"2021-01-29T07:28:46+00:00",1611905326,"2021-01-29T07:28:46+0000",21,43,8.31,0,38.91,0,5.09,5.09,21,46,989
"2021-01-29T07:29:46+00:00",1611905386,"2021-01-29T07:29:46+0000",21,43,8.54,0,29.07,0,5.09,5.09,21,46,989.1
"2021-01-29T07:30:46+00:00",1611905446,"2021-01-29T07:30:46+0000",21,43,8.31,0,29.48,0,5.09,5.09,21,46,989.1
"2021-01-29T07:31:46+00:00",1611905506,"2021-01-29T07:31:46+0000",21,43,8.76,0,30.71,0,5.09,5.09,21,46,989.1
"2021-01-29T07:32:46+00:00",1611905566,"2021-01-29T07:32:46+0000",21,43,8.3,0,34.4,0,5.08,5.08,21,46,989.1
"2021-01-29T07:34:01+00:00",1611905641,"2021-01-29T07:34:01+0000",21,43,10.08,0,108.81,0,5.62,5.62,21,46,989.1
"2021-01-29T07:34:46+00:00",1611905686,"2021-01-29T07:34:46+0000",21,43,8.54,0,23.33,0,5.09,5.09,21,46,989.1
"2021-01-29T07:35:46+00:00",1611905746,"2021-01-29T07:35:46+0000",21,43,8.09,0,32.55,0,5.09,5.09,21,46,989.1
"2021-01-29T07:36:46+00:00",1611905806,"2021-01-29T07:36:46+0000",21,43,9.42,0,32.76,0,5.09,5.09,21,46,989.1
"2021-01-29T07:37:46+00:00",1611905866,"2021-01-29T07:37:46+0000",21,43,7.65,0,32.35,0,5.09,5.09,21,46,989.1
"2021-01-29T07:38:46+00:00",1611905926,"2021-01-29T07:38:46+0000",21,43,8.76,0,29.27,0,5.09,5.09,21,46,989.1
"2021-01-29T07:39:46+00:00",1611905986,"2021-01-29T07:39:46+0000",21,43,8.91,0,36.2,0,5.09,5.09,21,46,989.1
"2021-01-29T07:40:46+00:00",1611906046,"2021-01-29T07:40:46+0000",21,43,8.54,0,16.77,0,5.09,5.09,21,46,989.1
"2021-01-29T07:41:46+00:00",1611906106,"2021-01-29T07:41:46+0000",21,43,8.47,0,26.13,0,5.09,5.09,21,46,989.1
"2021-01-29T07:42:46+00:00",1611906166,"2021-01-29T07:42:46+0000",21,43,8.91,0,23.25,0,5.09,5.09,21,46,989.1
"2021-01-29T07:43:46+00:00",1611906226,"2021-01-29T07:43:46+0000",21,43,8.47,0,21.2,0,5.64,5.64,21,46,989.1
"2021-01-29T07:44:46+00:00",1611906286,"2021-01-29T07:44:46+0000",21,43,8.69,0,33.73,0,5.09,5.09,21,46,989.1
"2021-01-29T07:45:46+00:00",1611906346,"2021-01-29T07:45:46+0000",21,43,8.91,0,28.39,0,5.09,5.09,21,46,989.2
"2021-01-29T07:46:46+00:00",1611906406,"2021-01-29T07:46:46+0000",21,43,8.47,0,20.79,0,5.64,5.64,21,46,989.2
"2021-01-29T07:47:46+00:00",1611906466,"2021-01-29T07:47:46+0000",21,43,8.91,0,35.38,0,5.09,5.09,21,46,989.2
"2021-01-29T07:48:46+00:00",1611906526,"2021-01-29T07:48:46+0000",21,43,8.69,0,25.1,0,5.64,5.64,21,46,989.2
"2021-01-29T07:49:46+00:00",1611906586,"2021-01-29T07:49:46+0000",21,43,8.91,0,42.57,0,5.09,5.09,21,46,989.2
"2021-01-29T07:50:46+00:00",1611906646,"2021-01-29T07:50:46+0000",21,43,8.91,0,30.03,0,5.64,5.64,21,46,989.2
"2021-01-29T07:51:46+00:00",1611906706,"2021-01-29T07:51:46+0000",21,43,9.58,0,24.48,0,5.64,5.64,21,46,989.3
"2021-01-29T07:52:46+00:00",1611906766,"2021-01-29T07:52:46+0000",21,43,9.36,0,18.32,0,5.09,5.09,21,46,989.3
"2021-01-29T07:53:46+00:00",1611906826,"2021-01-29T07:53:46+0000",21,43,9.58,0,30.03,0,5.09,5.09,21,46,989.3
"2021-01-29T07:54:46+00:00",1611906886,"2021-01-29T07:54:46+0000",21,43,8.9,0,32.09,0,5.08,5.08,21,46,989.3
"2021-01-29T07:55:46+00:00",1611906946,"2021-01-29T07:55:46+0000",21,43,9.57,0,23.66,0,5.08,5.08,21,46,989.3
"2021-01-29T07:56:46+00:00",1611907006,"2021-01-29T07:56:46+0000",21,43,9.36,0,29.83,0,5.09,5.09,21,46,989.3
"2021-01-29T07:57:46+00:00",1611907066,"2021-01-29T07:57:46+0000",21,43,7.79,0,33.53,0,5.08,5.08,21,46,989.3
"2021-01-29T07:58:46+00:00",1611907126,"2021-01-29T07:58:46+0000",21,43,12.46,0,33.94,0,5.09,5.09,21,46,989.3
"2021-01-29T07:59:46+00:00",1611907186,"2021-01-29T07:59:46+0000",21,43,15.34,0.84,38.46,0,5.09,5.09,21,46,989.3
"2021-01-29T08:00:46+00:00",1611907246,"2021-01-29T08:00:46+0000",21,43,17.12,4.94,23.25,0,5.09,5.09,21,46,989.3
"2021-01-29T08:01:46+00:00",1611907306,"2021-01-29T08:01:46+0000",21,43,17.13,4.44,24.48,0,5.11,5.11,21,46,989.3
"2021-01-29T08:02:46+00:00",1611907366,"2021-01-29T08:02:46+0000",21,43,17.14,6.69,30.24,0,5.12,5.12,21,46,989.3
"2021-01-29T08:03:46+00:00",1611907426,"2021-01-29T08:03:46+0000",21,43,17.57,3.34,31.27,0,5.11,5.11,21,46,989.3
"2021-01-29T08:04:46+00:00",1611907486,"2021-01-29T08:04:46+0000",21,43,17.81,1.04,36.81,0,5.66,5.66,21,46,989.3
"2021-01-29T08:05:46+00:00",1611907546,"2021-01-29T08:05:46+0000",21,43,17.81,3.54,39.28,0,5.12,5.12,21,46,989.3
"2021-01-29T08:06:46+00:00",1611907606,"2021-01-29T08:06:46+0000",21,43,19.35,4.94,23.66,0,5.65,5.65,21,46,989.4
"2021-01-29T08:07:46+00:00",1611907666,"2021-01-29T08:07:46+0000",21,43,19.79,4.59,32.91,0,5.11,5.11,21,46,989.4
"2021-01-29T08:08:46+00:00",1611907726,"2021-01-29T08:08:46+0000",21,43,20.01,6.29,34.76,0,5.11,5.11,21,46,989.4
"2021-01-29T08:09:46+00:00",1611907786,"2021-01-29T08:09:46+0000",21,43,20.23,6.24,30.65,0,5.65,5.65,21,46,989.4
"2021-01-29T08:10:46+00:00",1611907846,"2021-01-29T08:10:46+0000",21,43,19.56,5.89,29.01,0,5.64,5.64,21,46,989.4
"2021-01-29T08:11:46+00:00",1611907906,"2021-01-29T08:11:46+0000",21,43,19.34,6.44,36.4,0,5.09,5.09,21,46,989.5
"2021-01-29T08:12:46+00:00",1611907966,"2021-01-29T08:12:46+0000",21,43,18.89,8.29,28.8,0,5.09,5.09,21,46,989.5
"2021-01-29T08:13:46+00:00",1611908026,"2021-01-29T08:13:46+0000",21,43,19.11,4.24,30.65,0,5.64,5.64,21,46,989.5
"2021-01-29T08:14:46+00:00",1611908086,"2021-01-29T08:14:46+0000",21,43,18.89,1.79,18.32,0,5.09,5.09,21,46,989.5
"2021-01-29T08:15:46+00:00",1611908146,"2021-01-29T08:15:46+0000",21,43,18.45,4.64,32.7,0,5.09,5.09,21,46,989.5
"2021-01-29T08:16:46+00:00",1611908206,"2021-01-29T08:16:46+0000",21,43,19.34,4.44,31.06,0,5.64,5.64,21,46,989.5
"2021-01-29T08:17:46+00:00",1611908266,"2021-01-29T08:17:46+0000",21,43,18.59,4.09,27.7,0,5.08,5.08,21,46,989.5
"2021-01-29T08:18:46+00:00",1611908326,"2021-01-29T08:18:46+0000",21,43,18.44,0.39,27.77,0,5.08,5.08,21,46,989.5
"2021-01-29T08:19:46+00:00",1611908386,"2021-01-29T08:19:46+0000",21,44,18.36,5.14,23.38,0,5.07,5.07,21,46,989.5
"2021-01-29T08:20:46+00:00",1611908446,"2021-01-29T08:20:46+0000",21,44,18.36,1.64,20.91,0,5.07,5.07,21,46,989.5
"2021-01-29T08:21:46+00:00",1611908506,"2021-01-29T08:21:46+0000",21,44,17.92,1.24,35.12,0,5.07,5.07,21,47,989.5
"2021-01-29T08:22:46+00:00",1611908566,"2021-01-29T08:22:46+0000",21,44,18.14,2.44,38.42,0.71,5.61,5.61,21,47,989.5
"2021-01-29T08:23:46+00:00",1611908626,"2021-01-29T08:23:46+0000",21,44,17.47,4.09,49.75,0,5.07,5.07,21,47,989.6
"2021-01-29T08:24:46+00:00",1611908686,"2021-01-29T08:24:46+0000",21,44,17.92,0,39.65,0,5.61,5.61,21,47,989.6
"2021-01-29T08:25:46+00:00",1611908746,"2021-01-29T08:25:46+0000",21,44,18.13,2.19,37.39,0,5.6,5.6,21,47,989.6
"2021-01-29T08:26:46+00:00",1611908806,"2021-01-29T08:26:46+0000",21,44,17.92,1.74,34.71,0,5.61,5.61,21,47,989.6
"2021-01-29T08:27:46+00:00",1611908866,"2021-01-29T08:27:46+0000",21,44,17.91,0.49,29.76,0.71,6.14,6.14,21,47,989.6
"2021-01-29T08:28:46+00:00",1611908926,"2021-01-29T08:28:46+0000",21,44,17.68,1.79,26.88,0,5.05,5.05,21,47,989.7
